question,answer,source
Where should I locate my new refrigerator for optimal performance?,"According to section 3 of this manual, you should install your refrigerator in an appropriate location as described on page 10.",freezer.pdf
How do I adjust the feet of my refrigerator during installation?,"Refer to page 11 of this manual, which explains how to adjust the feet after installing the plastic wedges.",freezer.pdf
What is the best way to freeze fresh food in my new refrigerator?,You can find recommendations for preserving frozen food on page 16 of this manual.,freezer.pdf
How do I prevent bad odors from forming in my freezer?,"According to section 6 of this manual, you should follow the tips on avoiding bad odors on page 18.",freezer.pdf
How often should I clean the plastic surfaces of my refrigerator?,The manual suggests cleaning the plastic surfaces regularly to protect them (page 18).,freezer.pdf
What if I notice that my freezer is not cooling properly? Where can I find troubleshooting tips?,"You can refer to section 7 of this manual, which covers troubleshooting and related information on page 19.",freezer.pdf
How should I clean the refrigerator to avoid any damage?,"Do not use steam or steamed cleaning materials, as they may cause a short circuit or electric shock.",freezer.pdf
What is the recommended way to wash the product?,"Do not wash the product by spraying or pouring water on it, as it poses a danger of electric shock.",freezer.pdf
What should I do if the refrigerator malfunctions?,"Do not use the product until you contact the authorized service for assistance, as it may cause an electric shock.",freezer.pdf
Where should I plug in the refrigerator to ensure safety?,"Plug the product into an earthed socket, and have a qualified electrician perform earthing if necessary.",freezer.pdf
What should I do with LED type lighting problems or replacements?,Contact the authorized service for assistance with replacing or resolving any issues with LED type lighting.,freezer.pdf
How can I prevent frozen food from sticking to my hands?,"Do not touch frozen food with wet hands, as it may adhere to your skin.",freezer.pdf
Can I store liquids in bottles and cans in the freezer compartment?,"No, as they may burst out; instead, place liquids in upright positions after tightly closing their lids.",freezer.pdf
What should I avoid doing near the refrigerator to prevent accidents?,"Do not spray flammable substances near the product, as it may burn or explode.",freezer.pdf
What should I avoid keeping inside the refrigerator?,"Flammable materials and products with flammable gas, such as sprays.",freezer.pdf
Where should not place containers holding liquids in the refrigerator?,"On top of the product, to prevent splashing water on electrified parts and risk of electric shock or fire.",freezer.pdf
What precautions should I take when relocating the refrigerator?,"Avoid exposing it to rain, snow, sunlight, and wind, and do not pull by holding the door handle (it may come off).",freezer.pdf
How can I avoid damage to the product's moving parts?,Take care to avoid trapping any part of your hands or body in them.,freezer.pdf
What should I avoid doing with the refrigerator's doors and drawers?,"Do not step or lean on them, as this may cause the product to fall down and damage its parts.",freezer.pdf
How can I prevent tripping over the power cable?,Take care not to trap it.,freezer.pdf
What is the required water pressure for the refrigerator's water system to operate properly?,The water pressure should be between 1-8 bars.,freezer.pdf
Do I need a pressure regulator if my water mains have a high pressure?,"Yes, you need a pressure regulator if the pressure in your water mains is higher than 5 bars.",freezer.pdf
Can I use tap water to fill the ice dispenser?,"Yes, but only drinking water should be used for this purpose.",freezer.pdf
Is this refrigerator suitable for commercial use?,"No, it's designed for home use only.",freezer.pdf
What kind of products should not be stored in this refrigerator?,"Sensitive products requiring controlled temperatures, such as vaccines and heat-sensitive medication.",freezer.pdf
How long will spare parts be available for this product?,Spare parts will be available for 10 years from the date of purchase.,freezer.pdf
Where should I keep the packaging materials after unpacking?,Keep packaging materials out of children's reach.,freezer.pdf
What does the icon (,The freezer is turned off.,freezer.pdf
At what temperature setting does the Economic Usage Indicator turn on?,"-18°C, which is the most economical set value for the Freezer Compartment.",freezer.pdf
How does the Power failure/High temperature/error warning indicator behave during sustained power failures?,It illuminates and displays the highest temperature that the freezer compartment reaches.,freezer.pdf
What happens to the Economic Usage Indicator when the Quick Fridge or Quick Freeze function is selected?,It turns off.,freezer.pdf
What does the Eco Extra Indicator (,The Eco Extra Function is active.,freezer.pdf
How can you activate the Key Lock mode on this product?,The Key Lock indicator ( ) will light up when activated.,freezer.pdf
Where are the temperature settings for the Freezer Compartment displayed?,"On the Indicator panel, specifically on key 3.",freezer.pdf
What is the normal recommended setting for the fridge compartment?,-18°C.,freezer.pdf
"When should I use a lower temperature setting (-20, -22 or -24°C) for the fridge compartment?",When the ambient temperature exceeds 30°C.,freezer.pdf
How does the Quick Freeze function work?,"It allows you to freeze food quickly, and then returns to its previous mode when the process is over.",freezer.pdf
What is the recommended setting for the freezer compartment for preserving frozen food?,-18°C or lower.,freezer.pdf
Why should I put packages in the freezer as quickly as possible after purchase without allowing them to thaw?,To preserve the quality and safety of the food.,freezer.pdf
"How much weight can a 100-liter freezer volume freeze at 32°C ambient temperature within 24 hours, according to IEC 62552 standards?",At least 4.5 kg.,freezer.pdf
"Where should I place meat, fish, ice cream, and other frozen foods?",On the freezer compartment shelves.,freezer.pdf
What type of food can be placed on the door shelves of the fridge compartment?,Small and packaged food or beverage.,freezer.pdf
How often should I clean my refrigerator to extend its service life?,You should clean your fridge at regular intervals.,freezer.pdf
Should I unplug the product before cleaning it?,"Yes, always unplug the product before cleaning it.",freezer.pdf
What substances should I never use for cleaning purposes?,"Never use gasoline, benzene, or similar substances, sharp and abrasive tools, soap, household cleaners, detergent, or wax polish.",freezer.pdf
How can I prevent odours from forming in my refrigerator?,"Keeping the refrigerator clean is important. Food residuals, stains, etc., can cause odour. Clean the refrigerator with bi-carbonate dissolved in water every few months.",freezer.pdf
What should I do to keep food odours under control?,Keep the food in closed containers. Microorganisms spreading out from uncovered containers can cause unpleasant odours.,freezer.pdf
Can I put oil-cooked meals in my refrigerator in unsealed containers?,"No, it's not recommended. Liquid oils or oil-cooked meals in unsealed containers can damage the plastic surfaces of the refrigerator.",freezer.pdf
How should I clean up spills on plastic surfaces?,Clean and rinse the relevant part of the surface at once with warm water if oil is spilled or smeared onto the plastic surfaces.,freezer.pdf
What should I do before leaving the refrigerator unused for a long period of time?,"Unplug it, remove all food inside, clean it, and leave the door ajar.",freezer.pdf
How often should I check that the door gaskets are clean?,Regularly.,freezer.pdf
Why is my refrigerator's freezer too warm?,"The cooler compartment temperature setting may be set to a high degree, affecting the freezer compartment. Try changing the temperature and waiting for it to stabilize.",freezer.pdf
How can I prevent the cool or freezer compartments from getting too hot?,"Avoid opening the doors frequently, ensure the door is fully closed, and avoid placing hot food inside the refrigerator.",freezer.pdf
Why is my refrigerator shaking when moved slowly?,The product may not be balanced properly. Check that the stands are adjusted to balance the weight of the product and ensure the ground is durable enough to bear it.,freezer.pdf
Can items placed on top of the refrigerator cause noise?,"Yes, removing any items placed on top of the refrigerator can help reduce noise.",freezer.pdf
Why does my refrigerator make a sound like liquid flowing or spraying?,This is normal and not a malfunction. The product's operating principles involve liquid and gas flows.,freezer.pdf
Is it normal to hear wind blowing sounds coming from the refrigerator?,"Yes, this is normal as the product uses a fan for cooling purposes.",freezer.pdf
Why is there condensation on the internal walls of my refrigerator?,This can be caused by hot or humid weather. Closing the door frequently and ensuring it's fully closed can help minimize condensation.,freezer.pdf
Is it normal to see condensation on the exterior or between doors of the refrigerator?,"Yes, this is common in humid weather conditions. The condensation will dissipate once humidity levels decrease.",freezer.pdf
What should I do if the product is damaged?,Do not dispose of it by throwing it in a fire. Keep it away from potential heat sources that can cause ignition.,freezer.pdf
Can I throw away the product if it's damaged?,"No, you cannot dispose of it by throwing it in a fire.",freezer.pdf
What should I do with hot food before putting it in the freezer?,Do not put hot food directly into the freezer. Make sure to let it cool down first.,freezer.pdf
How far away should I place the refrigerator from potential heat sources?,"You should keep it at least 30 inches away from heating units, and 5 inches away from electric outlets.",freezer.pdf
What happens if I leave the fridge's doors open for a long time?,It can increase energy consumption and decrease the efficiency of the fridge.,freezer.pdf
How can I maximize the storage capacity in my freezer?,"You can store more food in the freezer when you take out the shelves or drawers, as the increased load will not hinder air circulation inside the freezer.",freezer.pdf
What is the recommended way to store food in the freezer?,Store food in airtight containers to preserve quality and prevent energy waste.,freezer.pdf
How can I save energy while using my fridge?,"Make sure to close doors tightly, avoid overloading, and don't place hot food directly into the fridge. Also, try to thaw frozen food in the fridge rather than at room temperature.",freezer.pdf
What is special about this refrigerator's cooling system?,"It has two separate cooling systems for the fresh food compartment and freezer, which keeps the air in each compartment separate.",freezer.pdf
Why does this refrigerator have an additional energy-saving feature?,Because its automatic defrosting function is independent of other operations.,freezer.pdf
What should I do before putting hot food into the refrigerator?,Let it cool down to room temperature first.,freezer.pdf
How should I prepare fresh food for storage in the refrigerator?,"Cover or wrap it tightly, and make sure it's cooked or ready to eat.",freezer.pdf
Why is it important to use proper wrapping materials when storing food?,"To prevent moisture and air from entering the package, which can cause spoilage.",freezer.pdf
What should I do with frozen food once it's thawed?,Use it immediately; do not re-freeze it.,freezer.pdf
How should I freeze food to maintain its quality?,"Freeze it quickly, without delaying or mixing frozen and fresh foods.",freezer.pdf
What is the recommended temperature setting for this refrigerator?,-18°C (-4°F) degrees Celsius/Fahrenheit.,freezer.pdf
Can I adjust the temperature settings based on external conditions?,"Yes; if the ambient temperature exceeds 30°C (86°F), set it to -24, -22, or -20°C (-12, -8, or -4°F).",freezer.pdf
"What is the ""Quick Freeze"" function for?","To freeze food quickly, preserving its quality and flavor.",freezer.pdf
"When should I use the ""Quick Freeze"" function?",For high-quality freezing of meat and fish products.,freezer.pdf
How can I ensure my refrigerator's freezer compartment is cold enough?,"Check the temperature settings; if necessary, set it to -18°C (-4°F) or lower.",freezer.pdf
What is the purpose of reading the user manual?,To understand important safety information and instructions on operating and maintaining your appliance.,zanussi.pdf
Why should you keep the user manual for future reference?,In case you need to refer back to it later for troubleshooting or maintenance purposes.,zanussi.pdf
What type of risk is indicated by the icon with a lightning symbol?,A risk of electric shock from dangerous voltage.,zanussi.pdf
What should you do before using your appliance according to the user manual?,Take the time to read the user manual and understand its contents.,zanussi.pdf
Why is it important to follow the instructions in the user manual?,To avoid injury or property damage.,zanussi.pdf
How do I remove the transit bolts from my washing machine?,"To remove the transit bolts, refer to Section 3.1 of the manual.",zanussi.pdf
What is the correct procedure for adjusting the feet or adjustable stays of my washing machine?,The adjustment instructions can be found in Section 3.2 of the manual.,zanussi.pdf
Where is the detergent drawer located on my washing machine?,The detergent drawer is described in Section 4.1 of the manual.,zanussi.pdf
"What does the program dial do, and how do I use it to select a wash cycle?",The program dial is explained in Section 4.3 of the manual.,zanussi.pdf
"How do I prepare my laundry for washing, according to the user manual?",Refer to Section 5.1 of the manual for instructions on preparing your laundry.,zanussi.pdf
Can I add detergent to the machine at any time during the wash cycle?,"No, adding detergent after the cycle has started may not be effective; follow the instructions in Section 5.3.",zanussi.pdf
What happens if the half-load detection system is triggered?,"The manual does not provide a specific answer for this question, but you can refer to Section 9 (Troubleshooting) or consult an authorized service technician.",zanussi.pdf
How often should I clean the water inlet filters on my washing machine?,Check and clean the water inlet filters regularly as described in Section 7.2 of the manual.,zanussi.pdf
What should I do with the packaging materials after unpacking my machine?,"Remove the packaging materials, as they protect your machine from damage during transportation and are recyclable.",zanussi.pdf
How can I get the most efficient use out of my washing machine?,Follow some important information such as not exceeding the maximum load for the chosen programme and avoiding using pre-wash feature for lightly soiled laundry to save on electricity and water consumption.,zanussi.pdf
What should I do if I need to replace the drive belt of my machine?,"Only have it replaced by an authorized service, and use only the original spare belt (42006395 Optibelt 6 EPJ 1236).",zanussi.pdf
Why is it not recommended to exceed the maximum load for a washing programme?,Exceeding the maximum load can prevent your machine from running in energy-saving mode.,zanussi.pdf
What is the advantage of using recycled material for packaging materials?,Using recycled material reduces raw material consumption and decreases waste production.,zanussi.pdf
What should I do with my old appliance when I'm replacing it?,You should hand over the product to the applicable collection point for recycling of electrical and electronic equipment.,zanussi.pdf
Why is it important to dispose of my old appliance correctly?,Disposing of your old machine correctly helps prevent potential negative consequences for the environment and human health caused by inappropriate waste handling.,zanussi.pdf
What are the operating voltage and frequency of this appliance?,"The operating voltage is 220-240 V, and the frequency is 50 Hz.",zanussi.pdf
How much water pressure can this appliance handle?,This appliance can handle a maximum water pressure of 1 Mpa and a minimum of 0.1 Mpa.,zanussi.pdf
What is the total power consumption of this appliance?,The total power consumption is 2200 W.,zanussi.pdf
What are the dimensions of this appliance in millimeters?,"The dimensions are Height: 845 mm, Width: 597 mm, and Depth: 557 mm.",zanussi.pdf
What should I do before operating the washing machine for the first time?,Remove the 4 transit bolts and rubber spacers from the rear of the machine.,zanussi.pdf
How can I loosen the transit bolts?,Turn them anticlockwise with an appropriate spanner.,zanussi.pdf
What should I store after removing the transit bolts?,"The transit bolts should be stored for future use, along with their respective plastic blanking caps.",zanussi.pdf
On what type of surface should I install my washing machine to ensure silent and vibration-free operation?,A firm surface is recommended; avoid surfaces like carpet that would prevent ventilation at the base.,zanussi.pdf
How can I level my machine using adjustable feet?,"Loosen the plastic locking nut, then turn the feet clockwise to increase height or anticlockwise to decrease height.",zanussi.pdf
What should I never insert under the machine to level it?,"Cardboard, wood, or other similar materials should be avoided.",zanussi.pdf
What is the required mains supply voltage for my washing machine?,"220-240V, 50Hz.",zanussi.pdf
What type of plug should be used for my washing machine?,"The mains cord of your washing machine is equipped with an earthed plug, which should always be inserted to an earthed socket of 10 amperes.",zanussi.pdf
Can I use a non-eartheled socket or fuse for my washing machine?,"No, it's not recommended. We don't take responsibility for damage that occurs due to the use of ungrounded equipment.",zanussi.pdf
How should I connect the water inlet hose to the machine?,"Connect the white capped end of the water inlet hose to the white water inlet valve on the rear side of the machine, and the red capped end (if applicable) to the red water inlet valve.",zanussi.pdf
What type of tap can be used for the water inlet hose connection?,A ¾” threaded tap is recommended.,zanussi.pdf
Can I operate my washing machine with low voltage?,"No, operating your machine with low voltage will cause the life cycle of your machine to be reduced and its performance to be restricted.",zanussi.pdf
What should I do if I'm not sure about connecting the water inlet hoses?,"If in any doubt, consult a qualified plumber or electrician.",zanussi.pdf
Where should I place liquid or powder detergent in my washing machine?,In the main wash detergent compartment.,zanussi.pdf
What is the purpose of the pre-wash detergent compartment?,"It's for use when the pre-wash feature is selected, and only for very dirty laundry.",zanussi.pdf
How do I select a program on my washing machine?,Turn the programme dial either clockwise or anti-clockwise until the marker points to the chosen programme.,zanussi.pdf
What does the digital display show during a wash cycle?,"The current stage of the programme (e.g. prewash, wash, rinsing, spinning) and any additional functions selected.",zanussi.pdf
How do I adjust the water temperature in my washing machine?,Use the Water Temperature Adjustment Button.,zanussi.pdf
What is the purpose of the Delayed Start feature?,To delay the start of the wash cycle by a set time.,zanussi.pdf
Can I pause the wash cycle using this machine?,"Yes, use the Start/Pause Button to pause and resume the cycle.",zanussi.pdf
What is the maximum load capacity for the washing drum?,"The maximum load capacity varies, refer to the washing programme tables for information.",zanussi.pdf
How should I load each item of laundry?,Load each item of laundry separately.,zanussi.pdf
What should I check before closing the door?,Make sure no items of laundry are trapped between the rubber seal and the door.,zanussi.pdf
How much detergent do I need for slightly soiled clothes?,Put a small amount of detergent (as specified by the manufacturer) into compartment II of the detergent drawer.,zanussi.pdf
What should I do if my clothes are excessively soiled?,Select a programme with pre-wash and put ¼ of the detergent to be used into compartment I of the detergent drawer and the rest in compartment II.,zanussi.pdf
How do I operate the machine for the first time?,"Plug your machine in to the mains supply, turn on the water supply, open the machine door, evenly spread your laundry, and gently push the door until it clicks shut.",zanussi.pdf
How do I select the most appropriate programme for my laundry?,Use the programme tables to select the most suitable programme based on your laundry items.,zanussi.pdf
What happens if I put less than half the maximum load of laundry into the machine?,The machine will automatically set the half-load function.,zanussi.pdf
How do I set a delay time for my washing cycle?,"Press the Delay button once, then press it again until the desired delayed time appears on the display.",zanussi.pdf
What happens if I accidentally skip over the delay time I want to set?,Keep pressing the Delay button until the desired delay time is displayed again.,zanussi.pdf
Do I need to do anything else for the delay timer function to work?,"Yes, you must press the Start/Pause button.",zanussi.pdf
What does the Anti-allergic function do?,"It adds an additional rinse operation with hot water to your laundry cycle, ideal for delicate skin, baby clothes, and underwear.",zanussi.pdf
How do I select the Anti-allergic function?,Press the Antiallergic button when the symbol is displayed.,zanussi.pdf
What does the Easy ironing function do?,It results in less wrinkled laundry at the end of the selected washing programme.,zanussi.pdf
How do I select the Easy ironing function?,Press the Easy ironing button when the symbol is displayed.,zanussi.pdf
What does the Pre-wash function do?,It allows you to give heavily soiled laundry a pre-wash before the main washing programme takes place.,zanussi.pdf
How do I select the Pre-wash function?,"Press the Pre-wash button when the symbol is displayed. Also, put detergent in the front washing compartment of the detergent drawer.",zanussi.pdf
What does the Extra rinse function do?,It adds an additional rinse operation to the end of the selected wash programme.,zanussi.pdf
How do I select the Extra rinse function?,Press the Extra rinse button when the symbol is displayed.,zanussi.pdf
Can I add or remove laundry while the delay timer function is working?,"Yes, but you must press the Start/Pause button before and after making any changes to the laundry.",zanussi.pdf
What is the purpose of the Rapid Wash function?,"The Rapid Wash function allows you to wash your laundry in a shorter time, using less energy and water.",zanussi.pdf
When should I use the Rapid Wash function?,You should only use this option if you are washing less than half the maximum dry load for the selected programme.,zanussi.pdf
How do I start the selected programme?,Press the Start/Pause button to start the selected programme.,zanussi.pdf
What happens if I switch my machine to standby mode while a programme is running?,"The Start/Pause indicator on the electronic display will blink, and you can press the Start/Pause button to resume or cancel the programme.",zanussi.pdf
How do I activate the Child Lock function?,Press and hold buttons 3 and 4 simultaneously for at least 3 seconds.,zanussi.pdf
What happens if I try to change a programme while the Child Lock is active?,"The ""CL"" symbol will flash on the electronic display for 2 seconds, indicating that the Child Lock is still active.",zanussi.pdf
How do I cancel a running programme at any time?,"Turn the programme dial to the ""STOP"" position, and your machine will stop the washing operation and cancel the programme.",zanussi.pdf
What happens after cancelling a programme?,You can now select and run a new programme.,zanussi.pdf
What happens when a programme finishes in my washing machine?,"The machine will stop by itself, and ""END"" will flash on the electronic display.",zanussi.pdf
Can I open the door immediately after a programme ends?,"Yes, you can open the machine's door and remove the laundry once the programme has finished.",zanussi.pdf
Why should I leave the door of my washing machine open after a programme finishes?,To allow the inner part of your machine to dry.,zanussi.pdf
How do I stop a programme in the middle if I want to switch to something else?,Switch the programme dial to STOP position.,zanussi.pdf
What is the recommended step before unplugging the machine and turning off the water tap after a programme finishes?,"Make sure the machine has stopped completely by waiting for ""END"" to flash on the display.",zanussi.pdf
Where is the pump filter located in my Washing Machine?,The pump filter is located behind the cover on the front-lower right corner.,zanussi.pdf
How often should I clean the pump filter?,We recommend that you clean the pump filter every 2 months.,zanussi.pdf
What do I need to open the pump cover?,You may use the washing powder spade (*) supplied with your machine or liquid detergent level plate.,zanussi.pdf
How do I loosen the pump filter?,Loosen the filter by turning anticlockwise and remove by pulling.,zanussi.pdf
What should I do before opening the filter cover?,Place a container under the filter cover to collect any water left in the machine.,zanussi.pdf
Can I clean the pump filter with a hard brush?,"No, use a soft brush to remove any foreign materials from the filter.",zanussi.pdf
How often should I remove and clean the detergent drawer?,We recommend that you remove the drawer every 2 months to clean the accumulated residue.,zanussi.pdf
How do I remove the detergent drawer?,"Pull the drawer forwards until it is fully extended, then gently press down on the drawer and pull it from its housing.",zanussi.pdf
What should I be careful about when cleaning or maintaining the pump filter?,"The water in the pump may be hot, so wait until it has cooled down before carrying out any cleaning or maintenance.",zanussi.pdf
Why is my washing machine not producing a satisfactory wash result?,"The possible cause could be hard water, and you should increase the amount of detergent following the manufacturer's instructions.",zanussi.pdf
What if I notice white spots on my laundry after washing?,"Non-dissolving particles from some detergents may appear as white spots. To resolve this, perform an extra rinse or clean your laundry with a brush after it dries.",zanussi.pdf
Why is there detergent residue left on my laundry?,You can try to resolve this by performing an extra rinse or cleaning your laundry with a brush after it dries.,zanussi.pdf
How do I prevent grey spots from appearing on my laundry?,"Ensure that you are not using untreated oil, cream, or ointment on your laundry, and use the amount of detergent as instructed on the packaging for the next wash.",zanussi.pdf
What if the spin cycle does not take place or takes place later than expected?,The Unbalanced load control system may have been activated. Try to spread out your laundry evenly in the drum for the next wash.,zanussi.pdf
Why is my washing machine equipped with a built-in fault detection system?,"Your Washing Machine has a built-in fault detection system, indicated by a combination of flashing wash operation lights, which helps detect and resolve common failures.",zanussi.pdf
How do I reset my coffee maker after it has been in storage for an extended period?,"Check your coffee maker's user manual for specific instructions. Generally, you should remove any water or old coffee residue, then perform a self-cleaning cycle if available, before using it again.",fridge_manual.pdf
Why is my dishwasher not completing its cycle and what can I do about it?,"First, ensure the dishwasher is properly loaded and that there are no blockages in the filters. If issues persist, check for error codes on the control panel or consult your user manual for troubleshooting steps.",fridge_manual.pdf
Can I use a 5-gallon bucket of water in my washing machine to wash large items?,It's generally not recommended as standard capacity recommendations vary by model. Check your washing machine's user guide for specific instructions and capacities to avoid any damage.,fridge_manual.pdf
How do I adjust the airflow in my appliance?,You can adjust the airflow by using either the Vertical Airlow Louvre or the Horizontal Airlow Louvre.,Air Cond Operation Manual SED_SMD.pdf
What is the purpose of the OKJlAJ button?,"Unfortunately, I couldn't determine the specific function of this button without more context. However, it's possible that it's related to a control or setting for the appliance.",Air Cond Operation Manual SED_SMD.pdf
How do I reset my appliance?,"There doesn't seem to be an explicit ""reset"" instruction in the text. However, you might try pressing a combination of buttons, such as OKJlAJ and another button (e.g., 1nlAJ), to see if it resets the appliance.",Air Cond Operation Manual SED_SMD.pdf
Can I change the airflow settings while the appliance is in use?,"It's unclear from the provided text whether changing airflow settings requires the appliance to be turned off. However, it's likely that you should turn off the appliance before making any adjustments to ensure your safety and the correct operation of the device.",Air Cond Operation Manual SED_SMD.pdf
"What is the purpose of the ""-N/L150"" setting?",This setting controls the temperature and air circulation within the appliance. Consult the manual for specific guidelines.,Air Cond Operation Manual SED_SMD.pdf
I'm having trouble with my appliance's cooling performance. How can I troubleshoot the issue?,"Check that all airflow louvres are properly aligned and clean, ensuring unobstructed airflow. Also, verify that the ""MEll"" part is functioning correctly.",Air Cond Operation Manual SED_SMD.pdf
"What does the ""-N6L-"" code on my appliance mean?",This code indicates a specific error or maintenance requirement. Consult your manual for corresponding codes and instructions to resolve the issue.,Air Cond Operation Manual SED_SMD.pdf
How often should I clean the condenser coils of my appliance?,"Clean the condenser coils regularly, ideally every 3-6 months, depending on usage patterns and environmental conditions.",Air Cond Operation Manual SED_SMD.pdf
"Can I use a generic replacement part instead of the original ""JDA"" component?",We recommend using only genuine or OEM-approved parts to ensure optimal performance and longevity.,Air Cond Operation Manual SED_SMD.pdf
How do I use the Comfort Operation feature?,"To reduce fluctuation and maintain comfortable operation, follow the instructions provided in your appliance's user manual.",Air Cond Operation Manual SED_SMD.pdf
What is the purpose of the +OM.O46 setting?,The +OM.O46 setting is used to adjust the frequency or cycle of the appliance. Refer to your user manual for specific guidance on using this feature.,Air Cond Operation Manual SED_SMD.pdf
How do I reset my appliance after a power outage?,"To reset your appliance, unplug it from the power source and wait for 30 seconds before plugging it back in. This should restore its original settings.",Air Cond Operation Manual SED_SMD.pdf
What is the meaning of LoKLHA in the context of my appliance?,LoKLHA refers to a specific sequence or combination that needs to be entered on your appliance's control panel to access certain features or modes.,Air Cond Operation Manual SED_SMD.pdf
How do I troubleshoot issues with my appliance's display?,"If you're experiencing problems with your appliance's display, check the user manual for troubleshooting steps. You can also try resetting the appliance by pressing and holding the relevant buttons while powering it on.",Air Cond Operation Manual SED_SMD.pdf
How do I set up my new washing machine?,(No direct answer available),Air Cond Operation Manual SED_SMD.pdf
How can I cancel an ongoing process?,Press the CANCEL button on your device.,Air Cond Operation Manual SED_SMD.pdf
What temperature should I set for this function?,The recommended temperature is 30° C.,Air Cond Operation Manual SED_SMD.pdf
Can you tell me how to adjust the angle of this component?,You can use the control panel to adjust the angle in increments of 5 degrees.,Air Cond Operation Manual SED_SMD.pdf
Can you explain the recommended usage for this feature?,This feature is suitable for temperatures between 10°C and 40°C.,Air Cond Operation Manual SED_SMD.pdf
How do I reset my device?,You can try pressing the power button for 3 seconds to reset your device.,Air Cond Operation Manual SED_SMD.pdf
"What does the ""✏"" symbol mean?","It appears to be a formatting mark or a control character, possibly related to a printing or typing error.",Air Cond Operation Manual SED_SMD.pdf
How do I use the appliance with multiple buttons?,"Unfortunately, there is no clear answer in the provided text. However, it seems like some buttons have different labels (e.g., ""✏"" and ""⇡"").",Air Cond Operation Manual SED_SMD.pdf
"What does the ""◦⢒壕䱫..."" sequence mean?",This appears to be a jumbled set of characters that doesn't seem to convey any meaningful information.,Air Cond Operation Manual SED_SMD.pdf
"Can you explain the meaning of ""50)42+O42O4""?",This appears to be a numerical code or a cryptic message that doesn't seem to relate to appliance usage.,Air Cond Operation Manual SED_SMD.pdf
Where can I dispose of this product and its electronic accessories responsibly?,"You should contact either the retailer where you purchased this product, or your local government office, for details of where and how to take these items for environmentally safe recycling.",User Manual - air conditioner.pdf
What should I do with the batteries in this product when they need to be replaced?,"Check if the battery is marked with chemical symbols Hg, Cd, or Pb. If so, you should dispose of it according to local regulations for hazardous waste disposal.",User Manual - air conditioner.pdf
Can I dispose of the electronic accessories and batteries with other household waste?,"No, these items should not be mixed with other types of waste and should be recycled responsibly to prevent harm to the environment or human health from uncontrolled waste disposal.",User Manual - air conditioner.pdf
What if I'm a business user? How do I properly dispose of this product and its electronic accessories?,Business users should contact their supplier and check the terms and conditions of the purchase contract for information on proper disposal procedures.,User Manual - air conditioner.pdf
"How do I change the current mode between Auto, Cool, Dry, Fan, and Heat?",Press the (Mode) button.,User Manual - air conditioner.pdf
"In which temperature range can I use the Cool, Dry, and Heat modes indoors?",For Cool mode: 16 °C to 32 °C; for Dry mode: 18 °C to 32 °C; for Heat mode: 27 °C or less.,User Manual - air conditioner.pdf
Do I need Wi-Fi connected to use the AI Auto mode?,"Yes, you can use AI Auto mode after Wi-Fi is connected.",User Manual - air conditioner.pdf
How do I switch between Celsius and Fahrenheit indications on the remote control?,Press and hold ▶ for 3 or more seconds.,User Manual - air conditioner.pdf
What happens if the outdoor temperature drops to -15 ℃ when using the Heat mode?,The heating capacity may decrease by as much as 60-70 %.,User Manual - air conditioner.pdf
What should I be aware of when operating the air conditioner in Cool mode in a high-humidity environment for an extended period of time?,Condensation may occur.,User Manual - air conditioner.pdf
Will the temperature indications on the indoor unit switch to Celsius or Fahrenheit if I change the remote control setting?,"No, the temperature indications on the indoor unit are not switched.",User Manual - air conditioner.pdf
How do I set the temperature for each mode?,"To control the temperature in each mode, press the (Temperature) button.",User Manual - air conditioner.pdf
What is the temperature range for each mode?,"For AI Auto/Auto/, Cool/Heat modes, adjust by 1 ℃ from 16 ℃ to 30 ℃. For Dry mode, adjust by 1 ℃ from 18 ℃ to 30 ℃.",User Manual - air conditioner.pdf
How do I select a fan speed for each mode?,Select from the available fan speeds in each mode using the button on the remote control.,User Manual - air conditioner.pdf
What are the available fan speeds for Cool/Fan/Heat modes?,"(Auto), (Low), (Med), (High), and (Turbo).",User Manual - air conditioner.pdf
How do I adjust the airflow direction?,Keep the airflow in a constant direction by stopping the movements of the vertical and horizontal airflow blades.,User Manual - air conditioner.pdf
Can I move the airflow blades manually?,"No, always use the remote control to adjust the airflow blades. Do not move them by hand as they may not operate normally.",User Manual - air conditioner.pdf
What happens if I manually adjust the vertical airflow blade?,It may not close completely when you turn off the air conditioner.,User Manual - air conditioner.pdf
Can I control the vertical airflow direction in Cool mode when the 'good'sleep function is on?,"No, you cannot.",User Manual - air conditioner.pdf
What should I do if it's raining or humid outside?,Use Dry mode to help control humidity.,User Manual - air conditioner.pdf
What is the proper temperature range for dehumidifying operation in Dry mode?,The temperature range should be between 24 to 26 ℃.,User Manual - air conditioner.pdf
Can I use Dry mode for heating instead of cooling?,"No, Dry mode is designed to produce a cooling effect and cannot be used for heating.",User Manual - air conditioner.pdf
What can I use Fan mode for?,"You can use Fan mode to run the air conditioner like a floor fan, providing a breeze without heating or cooling.",User Manual - air conditioner.pdf
Why should I run the air conditioner in Fan mode if it's not going to be used for an extended period of time?,Running it in Fan mode will help dry the internal components.,User Manual - air conditioner.pdf
Is there something wrong with my air conditioner if its outdoor unit doesn't operate when using Fan mode?,"No, this is normal and not a fault with the air conditioner.",User Manual - air conditioner.pdf
How do I access the Fast function in Cool or Heat mode?,"You can select the Fast function by pressing the ""Select Fast"" option when in Cool or Heat mode.",User Manual - air conditioner.pdf
What happens if I use the Fast function in Heat mode?,"When you select the Fast function in Heat mode, you may not be able to increase the fan speed for 3 to 5 minutes while the unit heats up.",User Manual - air conditioner.pdf
Can I change the set temperature and fan speed when using the Quiet function?,"No, when using the Quiet function, you can only change the airflow direction; you cannot adjust the set temperature or fan speed.",User Manual - air conditioner.pdf
What functions are canceled if I select the Quiet function?,"Selecting the Quiet function cancels the Wind-Free Cooling, Eco, good'sleep, and Fast functions.",User Manual - air conditioner.pdf
How do I turn off the beep sound that occurs when pressing a button on the remote control?,You can access the Beep function by selecting it from the Options menu and then turning off the beep option.,User Manual - air conditioner.pdf
How do I turn on or off the lighting of the indoor unit display?,"Use the Display lighting function by selecting ""Display"" from the menu.",User Manual - air conditioner.pdf
What happens if I change the current mode or function while the Display lighting is on?,The display lighting will turn on for 5 seconds and then turn off again.,User Manual - air conditioner.pdf
How do I turn off the Display lighting function completely?,"Run the method above again to turn it off, or simply turn the product off and on.",User Manual - air conditioner.pdf
What is the purpose of the Wi-Fi function in the air conditioner?,To pair your smartphone with the air conditioner for remote control via the SmartThings app.,User Manual - air conditioner.pdf
How do I turn on the Wi-Fi function?,Press and hold the button for 4 or more seconds until it turns on.,User Manual - air conditioner.pdf
What happens when I turn on the Wi-Fi function?,"Your smartphone will pair with the air conditioner, and the (Transmit) indicator will blink, displaying a message on the remote control display for a few seconds.",User Manual - air conditioner.pdf
How do I check the electricity consumption of my air conditioner?,Use the Usage function on the indoor unit display.,User Manual - air conditioner.pdf
What temperature appears on the indoor unit display when checking electricity usage?,The set temperature is displayed.,User Manual - air conditioner.pdf
Why might the electricity consumption shown on the indoor unit display differ from the actual amount consumed?,It may show slightly different values due to slight discrepancies in measurement.,User Manual - air conditioner.pdf
Can I view my air conditioner's electricity consumption history at any time?,"No, you can only view it when the air conditioner is currently operating.",User Manual - air conditioner.pdf
How is the electricity consumption calculated by the air conditioner?,"It calculates from the moment the air conditioner turns on, and resets to zero when it turns off.",User Manual - air conditioner.pdf
What should I do before cleaning the outside of the indoor air conditioner unit?,Turn off the air conditioner and wait until the fan stops.,User Manual - air conditioner.pdf
Can I use any type of cloth to clean the exterior of the indoor air conditioner unit?,"No, use a soft brush or tepid damp cloth.",User Manual - air conditioner.pdf
What should I avoid doing when cleaning the appliance to prevent electric shock or fire?,Do not spray water directly onto the unit.,User Manual - air conditioner.pdf
Can I clean the heat exchanger on the outdoor unit with any type of cleaner?,"No, do not use sulphuric acid, hydrochloric acid, or organic solvents such as paint thinner, kerosene, acetone, benzene, or alcohol.",User Manual - air conditioner.pdf
What should I do if I need to inspect or clean the inside of the heat exchanger on the outdoor unit?,Contact a local service centre for help.,User Manual - air conditioner.pdf
How often should I clean the air filter?,"You should clean the air filter every two weeks or when the ""filter-cleaning reminder"" appears on the indoor unit display.",User Manual - air conditioner.pdf
What is the recommended cleaning method for the air filter?,"Slide the filter off, use a soft brush or vacuum cleaner to remove dust and debris, soak in water and mild detergent for 30 minutes, rinse and let it air dry.",User Manual - air conditioner.pdf
How do I reset the filter-cleaning reminder after cleaning the filter?,"Select ""Filter Reset"" on the unit's display.",User Manual - air conditioner.pdf
What kind of brush should I use to clean the air filter?,A soft-brush is recommended. Avoid using a hard-bristle brush or other cleaning utensils.,User Manual - air conditioner.pdf
How do I avoid damaging the air filter during cleaning?,"Be careful not to damage the filter when sliding it off, soaking it in solution, or letting it dry.",User Manual - air conditioner.pdf
How often should I replace the Tri-care filter?,"Replace the Tri-care filter once every three years, but this may vary depending on your environment and usage time.",User Manual - air conditioner.pdf
Can I clean the Tri-care filter with water?,"No, do not clean the Tri-care filter with water as it may result in damage to the filter.",User Manual - air conditioner.pdf
How often should I clean the Wind-Free panel?,Clean the Wind-Free panel at least once a month.,User Manual - air conditioner.pdf
What is the correct order of steps for cleaning and reattaching the Wind-Free panel?,"First, pull the airflow blade open. Then, hold and pull both sides of the Wind-Free panel until it comes free from the air conditioner. Next, use a soft brush or vacuum cleaner to remove any dust. Finally, align the projections of the Wind-Free panel with the grooves at the top, middle, and bottom of the front panel.",User Manual - air conditioner.pdf
What will happen if I attach the Wind-Free panel without opening the airflow blade first?,The Wind-Free panel may become obstructed by the panel itself and may not open properly.,User Manual - air conditioner.pdf
Why doesn't my remote control work?,"Replace the batteries in the remote control, make sure it can send an unobstructed signal to the unit, and keep bright lights away from the unit.",User Manual - air conditioner.pdf
How do I ensure the Timed on/off function works properly?,Make sure to press the (SET) button on the remote control when setting the timer.,User Manual - air conditioner.pdf
Why is the indicator light on my remote control blinking continuously?,"Press the (Power) button to turn off the unit, or disconnect the power plug. If the issue persists, contact your service provider.",User Manual - air conditioner.pdf
Why are there odors coming from the unit during regular operation?,"If the unit is operating in a smoky area, ventilate the room or operate the unit in Fan mode for 3 to 4 hours. Check if the drain lines are clean and clean them regularly.",User Manual - air conditioner.pdf
What do I do when my remote control display shows an error message?,Write down the error code (if the indoor unit indicator blinks) and contact your service provider with the error code.,User Manual - air conditioner.pdf
Why is my unit generating noise?,"It's normal for the unit to generate some noise while operating. If you're experiencing additional noise, check if the pipe length between units is less than 3 m and no coil was used (refer to ""Typical installation"" in the Installation manual).",User Manual - air conditioner.pdf
Why is smoke coming from the outdoor unit?,"In winter, this is likely steam coming from the outdoor heat exchanger while the Defrost function is on.",User Manual - air conditioner.pdf
What if I notice water dripping from the pipe connections on the outdoor unit?,Condensation may develop when the ambient temperature or humidity changes significantly. This is normal.,User Manual - air conditioner.pdf
How do I turn on the power for my air conditioner?,Plug in the power cord of the air conditioner and then turn on the power.,User Manual - air conditioner.pdf
What should I press on the remote control to connect it to my smartphone via the SmartThings app?,Press the (Timer) button on the remote control for at least 4 seconds.,User Manual - air conditioner.pdf
"How do I add a new device, such as an air conditioner, to my Samsung account in the SmartThings app?",Tap Add device on the home screen of the SmartThings app and then select ADD DEVICE MANUALLY > Air conditioner > Room air conditioner.,User Manual - air conditioner.pdf
How do I access the control panel for my air conditioner in the SmartThings app?,"Launch the SmartThings app, go to the home screen, and tap the device card for the air conditioner.",User Manual - air conditioner.pdf
What should I refer to on the next page after accessing the control panel for remote control instructions?,Refer to the table on the next page for remote control instructions.,User Manual - air conditioner.pdf
What safety precautions should I take when using this washing machine?,"Refer to pages 4-5 for important safety precautions, including critical installation warnings and usage cautions.",sharp.pdf
How do I install my washing machine correctly?,"Follow the step-by-step installation instructions on pages 18-28, including before you start and initial setup procedures.",sharp.pdf
What detergent is recommended for use in this washing machine?,Page 32 lists the recommended detergent for optimal performance. You can also refer to the detergent drawer guidelines on page 33.,sharp.pdf
How do I operate a cycle on my washing machine?,"The operating a cycle instructions are located on pages 37-38, which provide an overview of the available cycles and how to select them using the control panel.",sharp.pdf
Can I use this washing machine for emergency draining?,"Yes, you can refer to page 52 for instructions on how to perform an emergency drain.",sharp.pdf
How often should I clean my washing machine's drum?,"Page 51 recommends cleaning the drum regularly using the ""Drum Clean+"" function.",sharp.pdf
What should I do if my washing machine is not working properly?,"Consult the troubleshooting section on page 58 for possible solutions to common issues, including checkpoints and information codes.",sharp.pdf
What should I do with this manual after reading it?,Store it in a safe location close to the appliance for future reference.,sharp.pdf
Can I use my washing machine for purposes other than what's described in this manual?,"No, use this appliance only for its intended purpose as described in this instruction manual.",sharp.pdf
Who is responsible for ensuring that I use the washing machine safely and efficiently?,"You are responsible to use common sense, caution and care when installing, maintaining and operating your washing machine.",sharp.pdf
What should I do if I have any questions or concerns about using my washing machine?,Contact your nearest service centre or find help and information online at www.samsung.com.,sharp.pdf
Why are there warning signs in this manual?,These warning signs are here to prevent injury to yourself and others. Please follow them explicitly.,sharp.pdf
What should I do before using the appliance for the first time?,Read all instructions before using the appliance.,sharp.pdf
What should I do if my child plays around or touches the door glass of the washing machine?,"Do not allow children to play around the washing machine or touch the door glass, as this may result in burns.",sharp.pdf
Can I insert my hand into the detergent drawer while it's in use?,"No, do not insert your hand into the detergent drawer, as this may result in injury from being caught by the detergent input device.",sharp.pdf
What should I remove before using powdered detergent?,"Remove the liquid detergent guide (applicable models only) when using powdered detergent, to prevent water leaks through the front of the detergent drawer.",sharp.pdf
"Can I wash laundry contaminated with oils, creams, or lotions in the washing machine?","No, do not wash laundry contaminated by oils, creams or lotions usually found in skincare shops or massage clinics, as this may cause the rubber seal to become deformed and result in a water leak.",sharp.pdf
What should I avoid leaving inside the drum for long periods of time?,"Do not leave metal objects such as safety pins, hair pins or bleach in the drum, as this may cause the drum to rust.",sharp.pdf
Can I use dry cleaning detergent directly in the washing machine?,"No, do not use dry cleaning detergent directly and do not wash, rinse, or spin laundry contaminated by dry cleaning detergent, as this may result in spontaneous combustion or ignition due to heat from oxidation of oil.",sharp.pdf
What type of water should I avoid using for the washing machine?,"Do not use water from water cooling/heating devices, as this may cause problems with the washing machine.",sharp.pdf
Can I use natural hand-washing soap in the washing machine?,"No, do not use natural hand-washing soap, as it may harden and accumulate inside the washing machine, causing problems with the appliance, discoloration, rust, or bad odors.",sharp.pdf
How should I wash socks and brassieres to prevent damage?,"Place socks and brassieres in a washing net and wash them with the other laundry, but do not wash large laundry items such as bedding in the washing net.",sharp.pdf
What can happen if I don't follow the instruction to empty pockets before washing clothing?,"Hard, sharp objects in pockets can cause extensive damage to the appliance.",sharp.pdf
What is the recommended way to connect the washing machine to a power source?,Use an individual branch circuit specific to the washing machine.,sharp.pdf
Why is it important to ensure proper grounding for the washing machine?,"To prevent electric shock, improper grounding can be hazardous.",sharp.pdf
Can I use an extension cord to connect the washing machine to a power outlet?,"No, do not use an extension cord according to the warning in the manual.",sharp.pdf
What is the recommended water pressure range for this washing machine?,Between 50 kPa and 1000 kPa.,sharp.pdf
What happens if the water pressure is less than 50 kPa?,"The water valve may not close completely, or it may take longer to fill the drum, causing the washing machine to turn off.",sharp.pdf
What is the recommended height for a standpipe when installing the drain hose?,60-90 cm high.,sharp.pdf
How should I connect the drain hose to the standpipe?,"Through the hose clip, making sure the standpipe fully covers the drain hose.",sharp.pdf
How should I place a laundry capsule in the washing machine?,Put the capsule in the bottom of the empty drum towards the rear.,sharp.pdf
Will the capsule dissolve completely for all cycle types?,"No, it may not dissolve completely for cycles using cold water or those that complete in less than one hour.",sharp.pdf
What type of detergent is recommended for Universal and Delicates and Woolens cycles?,Liquid detergent only.,sharp.pdf
Is powder detergent suitable for Cotton cycle?,"Yes, it is recommended for the Cotton cycle.",sharp.pdf
Can I use liquid detergent for the Intense Cold cycle?,"No, according to the chart, liquid detergent is not recommended for this cycle.",sharp.pdf
How do I turn the washing machine on and off?,You can tap to turn the washing machine on or off.,sharp.pdf
What happens if I don't interact with the control panel for 10 minutes after turning it on?,The washing machine will automatically turn off.,sharp.pdf
How do I navigate through cycles and functions?,Turn the navigation dial left or right to select different options.,sharp.pdf
What does the LCD display when I use the navigation dial?,"It shows your selection, such as cycle, additional functions, or system functions.",sharp.pdf
How do I start an operation?,Tap and hold the Start/Pause button.,sharp.pdf
Can I pause a cycle in progress?,"Yes, tap and hold the Start/Pause button to pause the cycle first, then you can turn it off.",sharp.pdf
What information does the display show during a cycle?,It shows current cycle information and estimated time remaining.,sharp.pdf
How do I change the water temperature for a selected cycle?,Tap the Temp. button to adjust the water temperature.,sharp.pdf
What is the purpose of the Rinse button?,You can tap it to change the rinse count for the selected cycle.,sharp.pdf
How do I change the spin speed for a selected cycle?,Tap the Spin button to select a different spin speed.,sharp.pdf
How do I access additional functions?,Tap the Additional function button to enter the additional functions menu.,sharp.pdf
How do I activate or deactivate the Smart Control function?,Tap to activate or deactivate the Smart Control function.,sharp.pdf
What is the purpose of the Wi-Fi icon on my washing machine's display?,This icon indicates that the washing machine is connected to Wi-Fi.,sharp.pdf
Can I control my washing machine remotely using the SmartThings app?,"Yes, you can control your washing machine remotely using the SmartThings app on your smartphone or tablet (Android or iOS) when the Smart Control function is activated.",sharp.pdf
What does it mean if the door lock icon appears on my washing machine's display?,The door locks automatically during a cycle and this indicator turns on. You can open the door when this icon disappears.,sharp.pdf
How do I turn on the washing machine?,Tap to turn on the washing machine.,sharp.pdf
How do I select a cycle for operation?,Turn the Navigation dial to select the cycle you want.,sharp.pdf
Can I change the default cycle settings?,"Yes, tap , , or to change the default cycle settings.",sharp.pdf
What is the purpose of the additional function in some cycles?,You can tap and then turn the Navigation dial to select additional functions. Not all cycles have additional functions available.,sharp.pdf
How do I start a selected operation?,Tap and hold to start operation.,sharp.pdf
How do I select the Bubble Soak function in my washing machine?,"To select Bubble Soak, press the ""Cycle"" button, turn the Navigation dial to select Bubble Soak, and then press the ""Start"" button.",sharp.pdf
What cycles can I use with the Bubble Soak function?,"You can use the Bubble Soak function with the Cotton, Synthetics, Bedding, and Super Speed cycles. It will add up to 30 minutes to these cycles.",sharp.pdf
Can I edit a cycle while the washing machine is operating?,"No, you can only edit a cycle when the washing machine is not in operation.",sharp.pdf
How do I add or remove a cycle from my personal cycle list (My Cycles)?,"To add or remove a cycle, press the ""Cycle"" button, turn the Navigation dial to select My Cycles, and then press the ""Start"" button. You can also edit My Cycles in the SmartThings app.",sharp.pdf
What happens if I try to remove the Eco 40-60 or Drum Clean+ cycles from my list?,These two cycles cannot be removed from the cycles list.,sharp.pdf
How do I save changes to my personal cycle list (My Cycles)?,Any additions or removals you make to My Cycles are saved automatically.,sharp.pdf
How can I set my washing machine to finish a wash cycle at a later time?,"You can select a cycle, tap the icon, and then turn the Navigation dial to select Delay End.",sharp.pdf
What is the maximum delay time available for the Delay End feature?,The maximum delay time is 24 hours in 1-hour increments.,sharp.pdf
How do I cancel the Delay End feature if I want to start the wash cycle immediately?,You can tap to restart the washing machine.,sharp.pdf
What happens when the washing machine senses the weight of the load during a wash cycle with load sensing enabled?,The display shows the remaining time until the end of the wash cycle.,sharp.pdf
How do I prevent children or infants from accidentally starting or setting the washing machine?,"You can enable Child Lock by tapping, selecting Child Lock, and then tapping.",sharp.pdf
What happens when Child Lock is on?,"All buttons are disabled except for  and , and the washing machine door locks. Tapping a button triggers an alarm with the “Child Lock On” message.",sharp.pdf
How do I know if the Child Lock function is turned on or off?,The Child Lock icon turns on when the function is on.,sharp.pdf
How do I access system functions on my washing machine?,Tap and hold for 3 seconds.,sharp.pdf
How do I select a desired system function?,"Turn the Navigation dial and select the desired system function, then tap .",sharp.pdf
How do I start or change settings of a selected function?,Tap to change the selected function’s settings or start the function.,sharp.pdf
"What is AI Pattern, and how does it work?","This function saves frequently used cycles and settings, remembering them for display in frequency order when turned on.",sharp.pdf
How do I turn AI Pattern off if not using it?,"Tap and hold for 3 seconds, then turn the Navigation dial to select AI Pattern, tap , and select Off.",sharp.pdf
Can I customize or turn off the alarm sound?,"Yes, you can turn on or off the melody of cycle completion by tapping and holding for 3 seconds, selecting Alarm, and tapping .",sharp.pdf
Does turning off the alarm affect other sounds on the washing machine?,"No, other sounds stay active even if the alarm is turned off.",sharp.pdf
What does calibration do for my washing machine?,Calibration helps with accurate weight detection by recalibrating the machine.,sharp.pdf
How do I run calibration again if needed?,"Tap and hold for 3 seconds, then turn the Navigation dial to select Calibration, and tap .",sharp.pdf
Does calibration start automatically when the door is closed properly?,"Yes, it does.",sharp.pdf
How do I turn the washing machine's Wi-Fi on or off?,"Tap and hold for 3 seconds, then use the Navigation dial to select Wi-Fi and tap to toggle it On or Off.",sharp.pdf
Will my washing machine connect to a network automatically when I first turn it on?,"Yes, if you haven't already turned on its Wi-Fi, it will connect to your network automatically when you first turn it on.",sharp.pdf
How do I know if the washing machine is connected to the router through Wi-Fi?,The Wi-Fi icon indicates that the washing machine is connected to the router through Wi-Fi.,sharp.pdf
Can I change the system language of my washing machine?,"Yes, you can change the system language by following steps 1-3 under Language in the settings menu.",sharp.pdf
How do I reset my washing machine to its factory settings?,"Tap and hold for 3 seconds, then use the Navigation dial to select Factory Reset and tap to confirm.",sharp.pdf
How do I add laundry after the wash cycle has started?,Use the AddWash door by following steps 1-4 in the instructions.,sharp.pdf
What should I do to stop the current wash cycle before adding new laundry?,Tap and hold the button to pause the wash cycle.,sharp.pdf
Can I open the AddWash door at any time during the wash cycle?,"No, you must first tap and hold the button to pause the cycle before opening the AddWash door.",sharp.pdf
How often should I run the Drum Clean+ cycle?,"It is advisable to perform Drum Clean+ regularly, and a reminder will appear on the control panel once every 40 washes.",sharp.pdf
What temperature does the Drum Clean+ cycle use?,The Drum Clean+ cycle heats the water between 60 °C and 70 °C.,sharp.pdf
Can I add cleaning agents to the drum for extra cleaning?,"No, it's recommended not to use any cleaning agents for cleaning the drum. Chemical residue may cause damage to the laundry or the drum.",sharp.pdf
How do I know if my washing machine needs a Drum Clean+ cycle?,"The Drum Clean+ reminder will appear on the control panel as an icon or LED, and blink once every 40 washes.",sharp.pdf
What happens if I ignore the Drum Clean+ reminder for a few washes?,"If you ignore the reminder for the first 6 consecutive washes after it appears, it will disappear. However, it will appear again on the second 40th wash.",sharp.pdf
Can I mark my cycle count manually?,"Yes, you can record the running count of the Drum Clean+ cycle by pressing the Power button, but this does not stop or turn off the machine.",sharp.pdf
"Will the ""0"" message disappear after completing the Drum Clean+ cycle?","The ""0"" message may remain even after the last process is terminated, but it won't affect the machine's operation.",sharp.pdf
Why is my washing machine making excessive vibrations or noise?,"Make sure the washing machine is installed on a level, solid floor that is not slippery. Also, check if any shipping bolts are removed and ensure the laundry load is balanced.",sharp.pdf
Can overalls or clothes with metallic decorations cause noise while being washed?,"Yes, this is normal behavior and should not be a cause for concern.",sharp.pdf
Why is my washing machine not draining or spinning?,"Check if the drain hose is straightened all the way to the drain system. Also, ensure that the debris filter is not clogged and that the door is closed.",sharp.pdf
What should I do if my washing machine is not supplied with sufficient power?,The washing machine will temporarily stop draining or spinning until it regains sufficient power.,sharp.pdf
Why won't the door of my washing machine open?,Tap and hold the pause button to stop the washing machine. It may take a few moments for the door lock mechanism to disengage.,sharp.pdf
What if water remains in the drum and I still can't open the door?,Drain the drum and try opening the door manually.,sharp.pdf
How do I adjust the height of my washing machine if the floor is not level?,Use the levelling feet to adjust the height of the washing machine.,sharp.pdf
Why is my washing machine leaking water?,"The door may not be properly closed, hose connections may not be tight, or the end of the drain hose may not be correctly inserted and secured to the drain system.",sharp.pdf
How can I prevent leaks while using my washing machine?,"Make sure all hoses are securely connected, check that the end of the drain hose is correctly inserted and secured to the drain system, and avoid overloading the machine.",sharp.pdf
Why does my washing machine have a bad smell?,"Excessive suds can collect in recesses and cause foul odors. You should run cleansing cycles periodically, clean the door seal (diaphragm), and dry the interior after each cycle.",sharp.pdf
How often should I run cleansing cycles to sanitize the washing machine?,Run cleansing cycles periodically to maintain cleanliness and prevent odors.,sharp.pdf
Can I open the AddWash door at any time?,"No, you can only open it when the indicator appears on the display. However, there are some exceptions where the door won't open, such as during boiling or drying processes, with Child Lock enabled, or if a drum wash cycle is running.",sharp.pdf
What should I do if a message appears on the display saying the dispenser is open?,"Check if the detergent drawer is closed properly and close it again. If the issue persists, contact a service center.",sharp.pdf
Why does my washing machine's actual washing time differ from what was initially displayed?,"The estimated time displayed may not match the actual time required for washing due to various factors, such as heavily contaminated laundry or excessive items in the drum.",sharp.pdf
"Why does my washing machine display ""Addwash door is open""?",This message appears when you open the Add Door without pressing Start/Pause (Hold to Start).,sharp.pdf
"What should I do if my washing machine displays ""OC - Water has overflowed""?","Try restarting after spinning. If the issue persists, contact a local Samsung service centre.",sharp.pdf
"Why does my washing machine display ""LC, LC1 - Check the drain hose""?","Make sure the end of the drain hose is not placed on the floor and that it's not clogged. If the issue remains, contact a customer service centre.",sharp.pdf
"What should I do if my washing machine displays ""3C - Check the drum motor for operation""?","Try restarting the cycle. If the issue persists, contact a customer service centre.",sharp.pdf
"Why does my washing machine display ""UC - Check the pulsator motor for operation""?","Check if power is supplied properly. If the issue remains, contact a customer service centre.",sharp.pdf
"What should I do if my washing machine displays ""Low voltage detected""?","Check if the power cord is plugged in. If the issue persists, contact a customer service centre.",sharp.pdf
"Why does my washing machine display ""HC - High temperature heating check""?",Contact a customer service centre for assistance.,sharp.pdf
"What should I do if my washing machine displays ""1C - The Water Level sensor is not working properly""?","Turn the machine off and restart the cycle. If the issue persists, contact a customer service centre.",sharp.pdf
"Why does my washing machine display ""AC - Check communications between main and sub PBAs""?","Turn the machine off and restart the cycle. If the issue remains, contact a customer service centre.",sharp.pdf
"What should I do if my washing machine displays ""8C - The MEMS sensor is not working properly""?","Turn the machine off and restart the cycle. If the issue persists, contact a customer service centre.",sharp.pdf
What is the maximum washing temperature for a normal wash?,"95°C, 60°C, 40°C, or 30°C.",sharp.pdf
Is it okay to hand-wash garments with this care label?,"It depends on the specific instructions; some may say ""Hand wash"" while others will say ""Do not wash"".",sharp.pdf
Can I use any type of bleach on my garment?,"No, only if the care label says ""Any bleach allowed""; otherwise, it may say ""Only oxygen bleach allowed"" or ""Do not bleach"".",sharp.pdf
What is the maximum exhaust temperature for tumble drying a normal wash load?,80°C.,sharp.pdf
Can I line dry my garment in direct sunlight?,"It depends on the specific instructions; some may say ""Line drying"", while others will specify ""Line drying in the shade"".",sharp.pdf
Why is it important to follow the care label directions?,To maximize garment life and reduce laundering problems.,sharp.pdf
What is the maximum sole plate temperature for ironing?,"200°C, 150°C, and 110°C (depending on the type of iron).",sharp.pdf
Can I use steam irons with this appliance?,Caution should be used when using steam irons.,sharp.pdf
Is it safe to iron certain fabrics?,No information is provided about specific fabrics that cannot be ironed.,sharp.pdf
How should I clean delicate items?,Use mild professional wet-cleaning or very mild professional wet-cleaning methods.,sharp.pdf
What types of dry cleaning solvents can be used with this appliance?,"Perchloroethylene and/or hydrocarbons (heavy benzines) can be used, but the gentle process is recommended for some items.",sharp.pdf
How should I dispose of this appliance when it reaches the end of its life?,"Recycle the materials used to manufacture the appliance, cut off the power cord, and remove the lid so that animals and small children cannot get trapped inside.",sharp.pdf
Where is the ice maker located in my refrigerator?,"The ice maker and bin are located on the door, which helps to create more usable storage space.",fridge-owners-manual.pdf
What type of lighting does my refrigerator have?,"Your refrigerator has LED lights, which are located at the top center and on the left and right sides of climate zone pans in the fresh food compartment, as well as in the freezer.",fridge-owners-manual.pdf
Is there extra storage space in my fresh food compartment?,"Yes, you can use the full-width drawer at the bottom for larger items, and the QuickSpace shelf (on some models) that slides back to store tall items below.",fridge-owners-manual.pdf
Can I adjust the door bins in my refrigerator?,"Yes, the removable/adjustable door bins can be moved up or down to accommodate your needs.",fridge-owners-manual.pdf
Where is the water filter located in my refrigerator?,The water filter is accessible for easy replacement.,fridge-owners-manual.pdf
How long does it take for the temperature to stabilize after adjusting the freezer compartment temperature?,24 hours.,fridge-owners-manual.pdf
What is the default setting for the fresh food compartment temperature?,Colder position (0°F).,fridge-owners-manual.pdf
Why can't I disconnect power to the refrigerator by changing the control panel settings?,Because power cannot be disconnected from the refrigerator by any setting on the control panel.,fridge-owners-manual.pdf
What is TurboCool used for?,"To rapidly cool the refrigerator compartment in order to quickly cool foods, especially after adding a large amount of food or when putting away warm leftovers.",fridge-owners-manual.pdf
Can I change the refrigerator temperature while using TurboCool?,"No, the refrigerator temperature cannot be changed during TurboCool.",fridge-owners-manual.pdf
How do I reset the Water Filter?,Press and hold for 3 seconds.,fridge-owners-manual.pdf
What happens if I leave a door open for more than 2 minutes with the Door Alarm set?,The alarm will sound until you close the door.,fridge-owners-manual.pdf
Why should I not block the air outlet by placing food items directly against it?,To prevent erratic temperatures from resulting.,fridge-owners-manual.pdf
How do I turn off the refrigerator completely?,"Simultaneously touch the words ""Freezer"" and ""Fridge"" for 3 seconds.",fridge-owners-manual.pdf
Can I change the refrigerator temperature during TurboCool mode?,"No, the refrigerator temperature cannot be changed during TurboCool mode.",fridge-owners-manual.pdf
When can I use TurboCool mode to quickly cool my foods?,"Use TurboCool when adding a large amount of food, putting away foods after they have been sitting out at room temperature, or when putting away warm leftovers. It can also be used if the refrigerator has been without power for an extended period.",fridge-owners-manual.pdf
How do I toggle the door alarm on/off?,Press the Alarm pad to toggle the door alarm between off and on.,fridge-owners-manual.pdf
How long does the door have to be left open before the alarm sounds?,The alarm will sound if either door is left open for more than 2 minutes.,fridge-owners-manual.pdf
How do I lock out ice and water dispenser and all other controls?,"Press and hold the Lock pad for 3 seconds to lock out controls, and press and hold again to unlock them.",fridge-owners-manual.pdf
How do I turn on/off the LED dispenser light?,Press the Light pad to turn your dispenser light on and off.,fridge-owners-manual.pdf
How do I put the refrigerator control in the OFF position?,Simultaneously touch the words Freezer and Fridge for 3 seconds.,fridge-owners-manual.pdf
How do I dispense water from the internal water dispenser?,"To dispense water, hold the glass against the recess and push the water dispenser button. Hold the glass underneath the dispenser for 2-3 seconds after releasing the button.",fridge-owners-manual.pdf
What should I do if no water is dispensed when the refrigerator is first installed?,There may be air in the water line system. Press the dispenser button for at least 5 minutes to remove trapped air and fill the water system.,fridge-owners-manual.pdf
How often should I clean the water dispenser?,The dispenser should be cleaned periodically by wiping with a clean cloth or sponge to avoid water deposits.,fridge-owners-manual.pdf
How do I remove the Dispenser Tray?,Pull the Dispenser Tray out.,fridge-owners-manual.pdf
How do I reinstall the Dispenser Tray?,Push the tray in until it is firmly in place.,fridge-owners-manual.pdf
How do I access the ice bucket from the door ice bin?,"Open the left fresh food door, pull down the latch to release the bin door, lift the ice bucket up and out using the handhold.",fridge-owners-manual.pdf
What should I do if the ice bucket cannot be replaced?,Rotate the Ice Bucket Fork 1/4 turn clockwise to properly seat the bucket.,fridge-owners-manual.pdf
What is a laceration hazard to avoid when using the ice crusher discharge opening?,"Never put fingers or any other object into the ice crusher discharge opening, as it can result in serious injury or amputation.",fridge-owners-manual.pdf
How should I use the dispenser tray to prevent breakage?,"Use a sturdy glass when dispensing ice, and never touch the dispenser opening with your fingers.",fridge-owners-manual.pdf
"What products should not be used to clean stainless steel panels, door handles, and trim?","Appliance wax, polish, bleach, or other products containing chlorine.",fridge-owners-manual.pdf
"How can I clean stainless steel panels, door handles, and trim?","Use a commercially available stainless steel cleaner, such as a spray-on cleaner.",fridge-owners-manual.pdf
What should not be used to clean silver-accented plastic parts?,"Scouring pads, powdered cleaners, bleach, or cleaners containing bleach.",fridge-owners-manual.pdf
Should I unplug the refrigerator before cleaning it?,"Yes, if possible. If not practical, wring excess moisture out of the sponge or cloth when cleaning around switches, lights, or controls.",fridge-owners-manual.pdf
What can be used to clean and neutralize odors inside the refrigerator?,A solution made by mixing 1 tablespoon (15 ml) of baking soda with a quart (1 liter) of water.,fridge-owners-manual.pdf
How should I move the refrigerator away from the wall?,"Be careful, as all types of floor coverings can be damaged. Raise the leveling legs and pull the refrigerator straight out. Return it to position by pushing it straight in.",fridge-owners-manual.pdf
What should I do with food and unplug the refrigerator when going on a long vacation?,Remove food and unplug the refrigerator. Clean the interior with a baking soda solution of 1 tablespoon (15 ml) per quart (1 liter) of water. Leave the doors open.,fridge-owners-manual.pdf
How can I prevent serious property damage due to flooding when leaving for an extended period?,Have a qualified service technician drain the water supply system if the temperature is expected to drop below freezing.,fridge-owners-manual.pdf
What should I do with the ice maker and water filter when turning off the water supply?,Turn off the ice maker (page 14) and replace the water filter upon returning from vacation.,fridge-owners-manual.pdf
Where is the LED lighting located in a French door refrigerator model?,"The LED lighting is located at the top center of the fresh food compartment, as well as above the climate zone pans on the left and right sides.",fridge-owners-manual.pdf
Do all single door refrigerator models have LED lighting?,"Yes, they do. The LED lights are located at the top of the fresh food compartment.",fridge-owners-manual.pdf
Where can I find LED lighting in the freezer of my refrigerator?,You can find LED lighting at the top of the left and right sides of the freezer in all models.,fridge-owners-manual.pdf
Who is responsible for replacing the LED light assembly if it needs to be replaced?,"An authorized technician will need to replace the LED light assembly. If you need assistance, call GE Appliances Service at 1-800-432-2737 (in the US) or 1-800-561-3344 (in Canada).",fridge-owners-manual.pdf
What tools do I need to install a refrigerator?,"The list of required tools includes an Adjustable Wrench, 1/4” Outer Diameter Compression Nut, Phillips-Head Screwdriver, Socket Ratchet/Driver, Allen Wrenches, Pencil, Drill Bit, Tape Measure, 1/4” Nut Driver, Wire Cutters, Level, and Torx T20 Driver.",fridge-owners-manual.pdf
What is the estimated completion time for installing a refrigerator?,The installation of a refrigerator typically takes around 20 minutes.,fridge-owners-manual.pdf
How do I connect the ice maker to a cold water line?,"You will need a GE water supply kit, which includes tubing, shutoff valve, fittings, and instructions. This kit is available at extra cost from your dealer or by visiting our website (GEAppliances.com in the US or www.GEAppliances.ca in Canada).",fridge-owners-manual.pdf
How do I remove the refrigerator door?,"To remove the refrigerator door, see Step 1 in the Reversing the Door Swing section.",fridge-owners-manual.pdf
How do I remove the freezer drawer?,See the Removing the Freezer Drawer section for instructions on how to remove the freezer drawer.,fridge-owners-manual.pdf
Who is responsible for proper installation of the appliance?,The installer is responsible for proper installation of the appliance.,fridge-owners-manual.pdf
What happens if the product fails due to improper installation?,Product failure due to improper installation is not covered under the Warranty.,fridge-owners-manual.pdf
What is the minimum temperature that the refrigerator should be installed in to ensure it runs properly?,The minimum temperature is 60°F (16°C).,fridge-owners-manual.pdf
Can I install the refrigerator near a source of direct sunlight?,"No, it's not recommended due to potential performance issues.",fridge-owners-manual.pdf
How much clearance do I need on the sides of the refrigerator for proper air circulation and plumbing connections?,At least 1/8” (3 mm) is required.,fridge-owners-manual.pdf
Can I move the refrigerator with just one person?,"No, it's strongly recommended that at least two people move and complete the installation to ensure safety.",fridge-owners-manual.pdf
How do I remove the French door from my refrigerator model for transportation purposes?,See Removing the French Doors on page 20 of your instruction manual.,fridge-owners-manual.pdf
"Can I attach the fresh food handle(s) in any way, or are there specific steps to follow?","Yes, you should align the slots on the handle with the mounting fasteners and slide it down until you hear a ""click"".",fridge-owners-manual.pdf
What is the recommended procedure for moving the refrigerator to prevent damage to doors and surrounding areas?,Use a padded hand truck and ensure two people are involved in the move.,fridge-owners-manual.pdf
How much clearance do I need on the top of the refrigerator for proper air circulation and plumbing connections?,At least 1” (25 mm) is required.,fridge-owners-manual.pdf
Where should I assemble my refrigerator for best energy efficiency?,"According to the installation instructions, shelves should be placed in the location shown.",fridge-owners-manual.pdf
Does this refrigerator model come with an ice maker?,It depends on the specific model. The ice maker is only available for 24 french door models.,fridge-owners-manual.pdf
What are the refrigerator configurations for models GBE21 and ABE21?,These models have a single door with a freezer door.,fridge-owners-manual.pdf
How is the freezer storage organized in models GDE21 and GDE25?,"They have a single door with a freezer drawer, not a separate freezer door.",fridge-owners-manual.pdf
What are some examples of french door refrigerator models that come with a freezer drawer?,"Some examples include GNE21, GFE24, PFE24, CFE24, GNE25, PNE25, and CNE25.",fridge-owners-manual.pdf
How do I connect the compression nut and ferrule to the shutoff valve?,"Place the compression nut and ferrule onto the end of the tubing, fully insert it into the valve, and then tighten the compression nut securely.",fridge-owners-manual.pdf
What is the recommended way to connect plastic tubing from a GE SmartConnect Refrigerator Tubing kit to the shutoff valve?,"Insert the molded end of the tubing into the shutoff valve and tighten the compression nut until it is hand tight, then add one additional turn with a wrench.",fridge-owners-manual.pdf
Why should I be careful when flushing out the tubing for the first time?,Over-tightening may cause leaks during flushing.,fridge-owners-manual.pdf
What is the recommended way to fasten the shutoff valve to the cold water pipe?,"Use a pipe clamp, tightening the clamp screws until the sealing washer begins to swell. (Do not over tighten.)",fridge-owners-manual.pdf
Are saddle valves allowed for this installation?,"No, saddle valves are illegal and their use is not permitted in Massachusetts. Consult with your licensed plumber.",fridge-owners-manual.pdf
How should I route the tubing between the cold water line and the refrigerator?,Route it through a hole drilled in the wall or floor (behind the refrigerator or adjacent base cabinet) as close to the wall as possible.,fridge-owners-manual.pdf
Why do modern refrigerators sound different from older ones?,"Modern refrigerators have more features and use newer technology, which can cause differences in sound.",fridge-owners-manual.pdf
What causes the high-pitched hum or pulsating sound when my new refrigerator is operating?,"The new high-efficiency compressor may run faster and longer than your old refrigerator, causing this sound.",fridge-owners-manual.pdf
Why do I hear a whooshing sound when closing the doors on my refrigerator?,This is due to pressure equalizing within the refrigerator.,fridge-owners-manual.pdf
What causes the fans in my refrigerator to spin at high speeds?,"The fans are helping to maintain the correct temperatures and may spin faster when the refrigerator is first plugged in, when doors are opened frequently, or when a large amount of food is added.",fridge-owners-manual.pdf
Why do I hear cracking or popping sounds when plugging in my new refrigerator?,"This happens as the refrigerator cools to the correct temperature, and can also be caused by expansion and contraction of cooling coils during and after defrost.",fridge-owners-manual.pdf
What causes the ice maker on my refrigerator to make a noise after an ice making cycle?,The sound is due to the ice cubes dropping into the ice bucket.,fridge-owners-manual.pdf
Why does my refrigerator's dispenser sometimes make a noise during water dispense?,The sound may be caused by the water lines moving at initial dispense and after the dispenser button is released.,fridge-owners-manual.pdf
Is it always necessary to remove doors for installation?,"No, check the chart on the reverse side of the instruction to determine if door removal is required.",fridge-owners-manual.pdf
What should I do if a refrigerator door won't close after installation?,"You can adjust the door mechanism to close properly. For best results, install at 90° or more. If installed at 180°, remove and reattach as described in Reinstalling the Refrigerator Doors.",fridge-owners-manual.pdf
Are there any adjustments that can be made to the rear wheels?,"No, this is a myth; front leveling legs are adjustable for initial setup and leveling.",fridge-owners-manual.pdf
What should I check after making water connections?,"Check for leaks while purging the air from the water system. Inspect all water line connections, including the household supply connection at the back of the refrigerator.",fridge-owners-manual.pdf
Can any packaging residue be cleaned off the refrigerator using any cleaner?,"No, this is a myth; use specific cleaners recommended in the Owner's manual to avoid damaging stainless steel panels.",fridge-owners-manual.pdf
"What type of products should I avoid using on Stainless Steel panels, door handles, and trim?","Avoid wax, polish, bleach, or other products containing chlorine. Instead, follow instructions under ""Cleaning the Outside"" in the Owner's manual.",fridge-owners-manual.pdf
"Before calling for service, what should I do first?",Review the detailed troubleshooting tips in the Owner's manual to see if you can resolve the issue yourself.,fridge-owners-manual.pdf
How can I schedule service if needed?,"You can visit GE Appliances' website (GEAppliances.com) or call 800.ge.CARES (800.432.2737). If your model doesn't have a filter bypass plug, contact 800-GECARES (in the US) or 800.561.3344 (in Canada) to obtain one for free.",fridge-owners-manual.pdf
What should I do if my refrigerator needs repair?,Schedule a service appointment online at GEAppliances.com or call 800.GE.CARES (800.432.2737) to have an authorized technician visit your home.,fridge-owners-manual.pdf
Are there any conditions that void the warranty?,"Yes, the warranty does not cover products used for commercial purposes, products damaged by accident, fire, floods, or acts of God, and products with water filters replaced due to excessive sediment in the water supply.",fridge-owners-manual.pdf
How long is the standard warranty for my refrigerator?,"The standard warranty for your refrigerator is one year from the date of original purchase. During this period, GE Appliances will replace any defective parts free of charge, as well as provide labor and related service at no cost.",fridge-owners-manual.pdf
What about water filters? Do they have a separate warranty?,"Yes, water filters have a 30-day warranty from the date of original purchase. During this period, GE Appliances will replace any defective filter cartridges free of charge.",fridge-owners-manual.pdf
I have a GE PROFILE ™ or GE CAFÉ™ model - what's my warranty for the sealed refrigerating system?,"For these models, the sealed refrigerating system has a five-year warranty from the date of purchase. During this period, GE Appliances will replace any defective parts in the sealed refrigerating system free of charge, as well as provide labor and related service at no cost.",fridge-owners-manual.pdf
Will my appliance data be sent to GE Appliances when serviced?,"Yes, your appliance data may be collected by a GE Appliances Factory Service technician for diagnostic purposes. However, you can advise the technician not to submit the data if you prefer.",fridge-owners-manual.pdf
What is the recommended service flow rate for this water filtration system?,0.5 gpm (21.9 lpm).,fridge-owners-manual.pdf
Can I use this water filter with any type of water supply?,"No, it's designed for potable water only.",fridge-owners-manual.pdf
What is the maximum operating water temperature for this filter system?,"100°F (38°C), do not install on hot water supply lines.",fridge-owners-manual.pdf
How often should I replace the MWF cartridge?,"Every 6 months at the rated capacity, or sooner if a noticeable reduction in flow rate occurs.",fridge-owners-manual.pdf
What is the recommended way to protect the filter from freezing?,Drain the filter when temperatures drop below 33°F (0.6°C).,fridge-owners-manual.pdf
Can I install this water filter system on my own without consulting a professional?,"No, it's recommended that you follow local plumbing codes and consult a professional if you're unsure about installation.",fridge-owners-manual.pdf
What should I do if my water pressure exceeds the recommended limit of 120 psi (8.2 bar)?,You must install a pressure-limiting valve or contact a plumbing professional for assistance.,fridge-owners-manual.pdf
Can I use this water filter system with water that may contain filterable cysts?,"Yes, but only on disinfected water that has been certified for cyst reduction by NSF International.",fridge-owners-manual.pdf
What is the capacity of this water filtration system?,"300 gallons (1,135 liters).",fridge-owners-manual.pdf
Are there any health claims certified by the California Department of Public Health related to this product?,"Yes, please refer to the performance data sheet for more information.",fridge-owners-manual.pdf
